dynamic_bitset,Cpp,Algorithms and Data Structures
tries,Cpp,Algorithms and Data Structures
algorithm,Cpp,Algorithms and Data Structures
uni-algo,Cpp,Algorithms and Data Structures
boost.asio,Cpp,Networking and Messaging
cpp-netlib,Cpp,Networking and Messaging
zmq,Cpp,Networking and Messaging
azmq,Cpp,Networking and Messaging
thread-pool,Cpp,Scheduling and Concurrency
chrono,Cpp,Scheduling and Concurrency
concurrencpp,Cpp,Scheduling and Concurrency
time,Cpp,Scheduling and Concurrency
libressl,Cpp,Security
"dynamic_bitset","Cpp","Algorithms and Data Structures"
"tries","Cpp","Algorithms and Data Structures"
"algorithm","Cpp","Algorithms and Data Structures"
"uni-algo","Cpp","Algorithms and Data Structures"
"boost.asio","Cpp","Networking and Messaging"
"cpp-netlib","Cpp","Networking and Messaging"
"zmq","Cpp","Networking and Messaging"
"azmq","Cpp","Networking and Messaging"
"thread-pool","Cpp","Scheduling and Concurrency"
"chrono","Cpp","Scheduling and Concurrency"
"concurrencpp","Cpp","Scheduling and Concurrency"
"time","Cpp","Scheduling and Concurrency"
"libressl","Cpp","Security"
"dynamic_bitset","Cpp","Algorithms and Data Structures"
"tries","Cpp","Algorithms and Data Structures"
"algorithm","Cpp","Algorithms and Data Structures"
"uni-algo","Cpp","Algorithms and Data Structures"
"boost.asio","Cpp","Networking and Messaging"
"cpp-netlib","Cpp","Networking and Messaging"
"zmq","Cpp","Networking and Messaging"
"azmq","Cpp","Networking and Messaging"
"thread-pool","Cpp","Scheduling and Concurrency"
"chrono","Cpp","Scheduling and Concurrency"
"concurrencpp","Cpp","Scheduling and Concurrency"
"time","Cpp","Scheduling and Concurrency"
"libressl","Cpp","Security"
